{"version": "0.1.7", "img_width": 980, "img_height": 1400, "blocks": [{"box": [109, 27, 375, 45], "vertical": false, "font_size": 18, "lines_coords": [[[109.0, 27.0], [375.0, 27.0], [375.0, 45.0], [109.0, 45.0]]], "lines": ["１０３第四話「コロンアム」"]}, {"box": [482, 269, 497, 324], "vertical": true, "font_size": 15, "lines_coords": [[[482.0, 269.0], [497.0, 269.0], [497.0, 324.0], [482.0, 324.0]]], "lines": ["のうこん"]}, {"box": [157, 88, 431, 1163], "vertical": true, "font_size": 28.333333333333332, "lines_coords": [[[403.0, 88.0], [430.0, 88.0], [431.0, 475.0], [404.0, 475.0]], [[355.0, 103.0], [382.0, 103.0], [379.0, 576.0], [352.0, 576.0]], [[306.0, 120.0], [330.0, 120.0], [332.0, 596.0], [307.0, 596.0]], [[252.0, 121.0], [285.0, 121.0], [288.0, 1163.0], [255.0, 1163.0]], [[203.0, 102.0], [236.0, 102.0], [237.0, 1147.0], [205.0, 1147.0]], [[157.0, 120.0], [184.0, 120.0], [184.0, 336.0], [157.0, 336.0]]], "lines": ["中央には巨大な楕円が見える", "「前からぜひ訪れてみたかった．．．．．」", "キノはうっとりとした表情になった", "エルメスは、そんなキッにも、目ざす間ににもまったく興味がなさそうな様子で、", "「あそこに着いたら暗くて涼しくて、適当に湿り気のあるところで休みたいよ」", "そうつぶやいた。"]}, {"box": [431, 87, 925, 1350], "vertical": true, "font_size": 30.181818181818183, "lines_coords": [[[896.0, 88.0], [925.0, 88.0], [925.0, 191.0], [896.0, 191.0]], [[843.0, 95.0], [880.0, 95.0], [880.0, 371.0], [843.0, 371.0]], [[795.0, 116.0], [828.0, 116.0], [831.0, 1073.0], [798.0, 1073.0]], [[747.0, 114.0], [776.0, 114.0], [776.0, 360.0], [747.0, 360.0]], [[698.0, 103.0], [729.0, 103.0], [729.0, 634.0], [698.0, 634.0]], [[649.0, 101.0], [680.0, 101.0], [680.0, 549.0], [649.0, 549.0]], [[600.0, 118.0], [628.0, 118.0], [631.0, 862.0], [602.0, 862.0]], [[552.0, 113.0], [580.0, 113.0], [578.0, 278.0], [549.0, 278.0]], [[500.0, 117.0], [533.0, 117.0], [535.0, 1342.0], [502.0, 1342.0]], [[449.0, 87.0], [482.0, 87.0], [486.0, 1350.0], [453.0, 1350.0]], [[431.0, 296.0], [451.0, 296.0], [451.0, 355.0], [431.0, 355.0]]], "lines": ["ものさ", "「ああ、そうですか」", "エルメスはちっとも感心しないで、まるで台詞の棒読みのように言った。", "キノは嬉しそうに、", "「そうさ。そしてもうすぐ次の国に着く」", "「キノのもうすぐは信用できない」", "エルメスがそうぼやくと、キノが左手で前をさしながら、", "ほら、あれ」", "キノの指さす方はなだらかな下り坂になり、その先に城壁が見ええてきた。そこは浅い盆地に", "なっていて、濃紺の森の中にダレーの壁がぐるりと町を取り囲んでいた。中には建物が乱立し、", "だえ"]}]}